CB,ERROR,ERROR,ERROR,ERROR,ERROR,ERROR,ERROR,CB,CB,CB,ERROR,ERROR,ERROR,ERROR,ERROR,ERROR,ERROR,ERROR,ERROR,ERROR,ERROR,ERROR,ERROR
ERROR,ERROR,ERROR,∩CB,ERROR,ERROR,ERROR,ERROR,ERROR,ERROR,ERROR,',ERROR,',ERROR,ERROR,ERROR,ERROR,ERROR,ERROR,ERROR,ERROR,ERROR,'
ED,ERROR,ERROR,ERROR,ERROR,ERROR,ERROR,ERROR,ED,ED,ED,ERROR,ERROR,ERROR,ERROR,ERROR,ERROR,ERROR,ERROR,ERROR,ERROR,ERROR,ERROR,ERROR
ERROR,ERROR,∪ED,',ERROR,ERROR,ERROR,ERROR,ERROR,ERROR,ERROR,',ERROR,',ERROR,ERROR,ERROR,ERROR,ERROR,ERROR,ERROR,ERROR,ERROR,'
GF,ERROR,ERROR,ERROR,ERROR,ERROR,ERROR,ERROR,GF,GF,GF,ERROR,ERROR,ERROR,ERROR,ERROR,ERROR,ERROR,ERROR,ERROR,ERROR,ERROR,ERROR,ERROR
ERROR,ERROR,',',ERROR,×GF,ERROR,÷GF,ERROR,ERROR,ERROR,',ERROR,',ERROR,ERROR,ERROR,ERROR,ERROR,ERROR,ERROR,ERROR,ERROR,'
IH,ERROR,ERROR,ERROR,ERROR,ERROR,ERROR,ERROR,IH,IH,IH,ERROR,ERROR,ERROR,ERROR,ERROR,ERROR,ERROR,ERROR,ERROR,ERROR,ERROR,ERROR,ERROR
ERROR,ERROR,',',−IH,',ERROR,',ERROR,ERROR,ERROR,',ERROR,',ERROR,ERROR,ERROR,ERROR,ERROR,ERROR,ERROR,ERROR,ERROR,'
KJ,ERROR,ERROR,ERROR,ERROR,ERROR,ERROR,ERROR,KJ,KJ,KJ,ERROR,ERROR,ERROR,ERROR,ERROR,ERROR,ERROR,ERROR,ERROR,ERROR,ERROR,ERROR,ERROR
ERROR,ERROR,',',',',⋈KJ,',ERROR,ERROR,ERROR,',ERROR,',ERROR,ERROR,ERROR,ERROR,ERROR,ERROR,ERROR,ERROR,ERROR,'
id,ERROR,ERROR,ERROR,ERROR,ERROR,ERROR,ERROR,σ[N][A],π[L][A],(A),ERROR,ERROR,ERROR,ERROR,ERROR,ERROR,ERROR,ERROR,ERROR,ERROR,ERROR,ERROR,ERROR
idM,ERROR,ERROR,ERROR,ERROR,ERROR,ERROR,ERROR,ERROR,ERROR,ERROR,ERROR,ERROR,ERROR,ERROR,ERROR,ERROR,ERROR,ERROR,ERROR,ERROR,ERROR,ERROR,ERROR
ERROR,ERROR,ERROR,ERROR,ERROR,ERROR,ERROR,ERROR,ERROR,ERROR,ERROR,ERROR,ERROR,',ERROR,ERROR,ERROR,ERROR,ERROR,ERROR,ERROR,ERROR,",LM",ERROR
PO,ERROR,ERROR,ERROR,ERROR,ERROR,ERROR,ERROR,ERROR,ERROR,PO,ERROR,ERROR,ERROR,ERROR,ERROR,ERROR,ERROR,ERROR,ERROR,ERROR,ERROR,ERROR,ERROR
ERROR,ERROR,ERROR,ERROR,ERROR,ERROR,ERROR,ERROR,ERROR,ERROR,ERROR,ERROR,ERROR,',ERROR,ERROR,ERROR,ERROR,ERROR,ERROR,∧PO,ERROR,ERROR,ERROR
RQ,ERROR,ERROR,ERROR,ERROR,ERROR,ERROR,ERROR,ERROR,ERROR,RQ,ERROR,ERROR,ERROR,ERROR,ERROR,ERROR,ERROR,ERROR,ERROR,ERROR,ERROR,ERROR,ERROR
ERROR,ERROR,ERROR,ERROR,ERROR,ERROR,ERROR,ERROR,ERROR,ERROR,ERROR,ERROR,ERROR,',ERROR,ERROR,ERROR,ERROR,ERROR,ERROR,',∨RQ,ERROR,ERROR
idS,ERROR,ERROR,ERROR,ERROR,ERROR,ERROR,ERROR,ERROR,ERROR,(N),ERROR,ERROR,ERROR,ERROR,ERROR,ERROR,ERROR,ERROR,ERROR,ERROR,ERROR,ERROR,ERROR
ERROR,ERROR,ERROR,ERROR,ERROR,ERROR,ERROR,ERROR,ERROR,ERROR,ERROR,ERROR,ERROR,ERROR,=T,>T,≥T,<T,≤T,≠T,ERROR,ERROR,ERROR,ERROR
id,num,ERROR,ERROR,ERROR,ERROR,ERROR,ERROR,ERROR,ERROR,ERROR,ERROR,ERROR,ERROR,ERROR,ERROR,ERROR,ERROR,ERROR,ERROR,ERROR,ERROR,ERROR,ERROR
